Name,Chemical_Formula,Type
PFBA,C4HF7O2,target
PFPeA,C5HF9O2,target
PFHxA,C6HF11O2,target
PFHpA,C7HF13O2,target
PFOA,C8HF15O2,target
PFNA,C9HF17O2,target
PFDA,C10HF19O2,target
PFUdA,C11HF21O2,target
PFDoA,C12HF23O2,target
PFTrDA,C13HF25O2,target
PFTeDA,C14HF27O2,target
PFHxDA,C16HF31O2,target
PFPrS,C3HF7O3S,target
PFBS,C4HF9O3S,target
PFPeS,C5HF11O3S,target
PFHxS,C6HF13O3S,target
PFHpS,C7HF15O3S,target
PFOS,C8HF17O3S,target
PFNS,C9HF19O3S,target
PFDS,C10HF21O3S,target
PFDoS,C12HF25O3S,target
PFTrDS,C13HF27O3S,target
Cl-PFOS,C8HClF16O3S,target
PFEtCHxS,C8HF15O3S,target
FBSA,C4H2F9NO2S,target
MeFBSA,C5H4F9NO2S,target
EtFBSA,C6H6F9NO2S,target
FPeSA,C5H2F11NO2S,target
FHxSA,C6H2F13NO2S,target
FHpSA,C7H2F15NO2S,target
FOSA,C8H2F17NO2S,target
FDSA,C10H2F21NO2S,target
MeFOSA,C9H4F17NO2S,target
EtFOSA,C10H6F17NO2S,target
N-MeFBSE,C7H8F9NO3S,target
N-EtFBSE,C8H10F9SNO3,target
MeFOSE,C11H8F17NO3S,target
EtFOSE,C12H10F17NO3S,target
FOSAA,C10H4F17NO4S,target
MeFOSAA,C11H6F17NO4S,target
EtFOSAA,C12H8O4NSF17,target
4:2 FTS,C6H5O3SF9,target
6:2 FTS,C8H5O3SF13,target
8:2 FTS,C10H5O3SF17,target
10:2 FTS,C12H5O3SF21,target
3:3 FTCA,C6H5O2F7,target
5:3 FTCA,C8H5O2F11,target
7:3 FTCA,C10H5O2F15,target
6:2 FTCA,C8H3O2F13,target
8:2 FTCA,C10H3O2F17,target
10:2 FTCA,C12H3O2F21,target
6:2 UFTCA,C8H2O2F12,target
8:2 UFTCA,C10H2F16O2,target
ADONA,C7H2O4F12,target
9Cl-PF3ONS,C8HF16ClSO4,target
11l-PF3OUdS,C10HF20ClSO4,target
HFPO-DA,C5HF11O,target
6:2 diPAP,C16H9F26O4P,target
8:2 diPAP,C20H9F34O4P,target
diSAmPAP,C24H19F34N2O8PS2,target
PFMPA,C4HF7O3,target
PFEESA,C4HF9O4S,target
PFMBA,C5HF9O3,target
NFDHA,C5HF9O4,target
NIS 13C3-PFBA,[13C3]CHF7O2,surrogate
NIS 13C2-PFHxA,[13C2]C4HF11O2,surrogate
NIS 13C4-PFOA,[13C4]C4HF15O2,surrogate
NIS 13C5-PFNA,[13C5]C4HF17O2,surrogate
NIS 13C2-PFDA,[13C2]C8HF19O2,surrogate
NIS 18O2-PFHxS,C6F13S[18O2]OH,surrogate
NIS 13C4-PFOS,[13C4]C4F17SO3H,surrogate
EIS 13C4-PFBA,[13C4]HF7O2,surrogate
ESI 13C5-PFPeA,[13C5]HF9O2,surrogate
EIS 13C5-PFHxA,[13C5]CHF11O2,surrogate
EIS 13C4-PFHpA,[13C4]C3HF13O2,surrogate
EIS 13C8-PFOA,[13C8]HF15O2,surrogate
EIS 13C9-PFNA,[13C9]HF17O2,surrogate
EIS 13C6-PFDA,[13C6]C4HF19O2,surrogate
EIS 13C7-PFUnA,[13C7]C4HF21O2,surrogate
EIS 13C2-PFDoA,[13C2]C10HF23O2,surrogate
EIS 13C2-PFTeDA,[13C2]C12HF27O2,surrogate
EIS 13C2-PFHxDA,[13C2]C14HF31O2,surrogate
EIS 13C3-PFBS,[13C3]CF9SO3H,surrogate
EIS 13C3-PFHxS,[13C3]C3F13SO3H,surrogate
EIS 13C8-PFOS,[13C8]F17SO3H,surrogate
EIS 13C2-4:2FTS,[13C2]C4H4F9SO3H,surrogate
EIS 13C2-6:2FTS,[13C2]C6H4F13SO3H,surrogate
EIS 13C2-8:2FTS,[13C2]C8H4F17SO3H,surrogate
EIS 13C8-PFOSA,[13C8]H2F17NO2S,surrogate
EIS D3-NMeFOSA,C9[2H3]HF17NO2S,surrogate
EIS D5-NEtFOSA,C10[2H5]HF17NO2S,surrogate
EIS D3-NMeFOSAA,C11[2H3]H3F17NO4S,surrogate
EIS D5-NEtFOSAA,C12[2H5]H3F17NO4S,surrogate
EIS D7-NMeFOSE,C11[2H7]HF17NO3S,surrogate
EIS D9-NEtFOSE,C12[2H9]HF17NO3S,surrogate
EIS 13C3-HFPO-DA,[13C2]C3HF11O,surrogate
EIS 6:2 FTCA,[13C2]C6H3F13O2,surrogate
EIS 8:2 FTCA,[13C2]C8H3F17O2,surrogate
EIS 10:2 FTCA,[13C2]C10H3F21O2,surrogate
EIS 6:2 UFTCA,[13C2]C6H2F12O2,surrogate
EIS 8:2 UFTCA,[13C2]C8H2F16O2,surrogate
EIS 10:2 UFTCA,[13C2]C10H2F20O2,surrogate
EIS 4 8:2 diPAP,[13C4]C16H9F34O4P,surrogate
