"INCHIKEY","SMILES","ID","CAS","FORMULA","MONOISOTOPIC_MASS","Type","name","parent","transformation","generation","biosystem","REF","NumHDonors","NumHAcceptors"
"MXWJVTOOROXGIU-UHFFFAOYSA-N","CCNc1nc(Cl)nc(NC(C)C)n1","input_suspect_testdata_1","1912-24-9","C8H14ClN5","215.093773128","PC","Atrazine","Atrazine","no_transf","0","NA","NA",2,5
"ATVLXKVTLCASLQ-UHFFFAOYSA-N","CNCCCNS(=O)(=O)CCC(F)(F)C(F)(F)C(F)(F)C(F)(F)C(F)(F)C(F)(F)F","input_suspect_testdata_3",NA,"C12H15F13N2O2S","498.06466558","PC","6:2 fluorotelomer sulfonamido propyl methyl amine","6_2 fluorotelomer sulfonamido propyl methyl amine","no_transf","0","NA","NA",2,3
"NFMIMWNQWAWNDW-UHFFFAOYSA-N","CCNc1nc(O)nc(NC(C)C)n1","1",NA,"C8H15N5O","197.1276601","TP","Atrazine-TP1; Atrazine-TP6; 2-hydroxyatrazine; Hydroxyatrazine; Atrazine-2-hydroxy","Atrazine","Aromatic Halide Photohydrolysis; EAWAG_RULE_BT0330_PATTERN4; Environmental; Avian metabolism; Dehalogenation; Environmental Transformation","1","NA; ENVMICRO; soil; Bird; NULL","CTS_combined_photolysis_abiotic_hydrolysis; BioTransformer_env; 10.1021/acs.est.1c00466; 10.5281/zenodo.3827487; 10.1007/s13361-017-1797-6; 10.1016/j.watres.2019.114972",3,6
"UYWMPSWDLNWIOA-UHFFFAOYSA-N","CC(C)Nc1nc(O)nc(NC(C)=O)n1","2",NA,"C8H13N5O2","211.106924656","TP","Atrazine-TP2; Atrazine-TP6-TP6","Atrazine","s-Triazine Side Chain N-alkyl Photooxidation to Carbonyl; Aromatic Halide Photohydrolysis; EAWAG_RULE_BT0330_PATTERN4","2; 1","NA; ENVMICRO","CTS_combined_photolysis_abiotic_hydrolysis; BioTransformer_env",3,6
"GCKLGRUZDXSATG-UHFFFAOYSA-N","CC(C)Nc1nc(N)nc(O)n1","3",NA,"C6H11N5O","169.096359972","TP","Atrazine-TP3; Atrazine-TP12; Atrazine-TP1-TP6; Atrazine-TP2-TP7; Atrazine-TP6-TP15; Atrazine-TP2-1-TP7; Atrazine-TP8-TP5; Atrazine-TP8-1-TP5; Atrazine-desethyl-2-hydroxy","Atrazine","s-Triazine Side Chain Photochemical N-dealkylation; Aromatic Halide Photohydrolysis; EAWAG_RULE_BT0330_PATTERN4; EAWAG_RULE_BT0063_PATTERN2; EAWAG_RULE_BT0067_PATTERN1; Avian metabolism/Multiple; Secondary amine cleavage; Dehalogenation","2; 1","NA; ENVMICRO; Bird/NULL; NULL","CTS_combined_photolysis_abiotic_hydrolysis; BioTransformer_env; 10.5281/zenodo.3827487/10.1007/s13361-017-1797-6; 10.1007/s13361-017-1797-6",3,6
"XRVCXZWINJOORX-UHFFFAOYSA-N","CCNc1nc(N)nc(O)n1","4",NA,"C5H9N5O","155.080709908","TP","Atrazine-TP4; Atrazine-TP14; Atrazine-TP1-TP7; Atrazine-TP5-TP7; Atrazine-TP14-TP5; Atrazine-TP18-TP15; Atrazine-TP5-1-TP7; Atrazine-TP14-1-TP5","Atrazine","s-Triazine Side Chain Photochemical N-dealkylation; Aromatic Halide Photohydrolysis; EAWAG_RULE_BT0330_PATTERN4; EAWAG_RULE_BT0063_PATTERN2; EAWAG_RULE_BT0067_PATTERN1","2; 1","NA; ENVMICRO","CTS_combined_photolysis_abiotic_hydrolysis; BioTransformer_env",3,6
"IZLXSLVQFMDTEX-UHFFFAOYSA-N","CCNc1nc(O)nc(NC(C)=O)n1","5",NA,"C7H11N5O2","197.091274592","TP","Atrazine-TP5; Atrazine-TP18-TP6","Atrazine","s-Triazine Side Chain N-isopropyl Photooxidation to Ketone; Aromatic Halide Photohydrolysis; EAWAG_RULE_BT0330_PATTERN4","2; 1","NA; ENVMICRO","CTS_combined_photolysis_abiotic_hydrolysis; BioTransformer_env",3,6
"KIGOTEDYNQVLGZ-UHFFFAOYSA-N","CC(C)Nc1nc(Cl)nc(NC(C)=O)n1","6",NA,"C8H12ClN5O","229.073037684","TP","Atrazine-TP6","Atrazine","s-Triazine Side Chain N-alkyl Photooxidation to Carbonyl","1","NA","CTS_combined_photolysis_abiotic_hydrolysis",2,5
"QTBSBXVTEAMEQO-UHFFFAOYSA-N","CC(O)=O","8",NA,"C2H4O2","60.021129368","TP","Atrazine-TP7; Atrazine-TP9; S-Metolachlor-TP27; Atrazine-TP1-TP11; Atrazine-TP2-TP8; Atrazine-TP4-TP7; Atrazine-TP5-TP8; Atrazine-TP6-TP5; Atrazine-TP2-1-TP8; Atrazine-TP9-TP2; Atrazine-TP10-TP4; Atrazine-TP11-TP2; Atrazine-TP9-1-TP2; Atrazine-TP14-TP7; Atrazine-TP4-1-TP7; Atrazine-TP9-2-TP2; Atrazine-TP15-TP3; Atrazine-TP16-TP5; Atrazine-TP10-1-TP4; Atrazine-TP15-1-TP3; Atrazine-TP17-TP4; Atrazine-TP18-TP5; Atrazine-TP5-1-TP8; Atrazine-TP14-1-TP7; Atrazine-TP11-1-TP2; Atrazine-TP9-3-TP2; Atrazine-TP17-1-TP4; S-Metolachlor-TP3-TP2; Acetic Acid","Atrazine; S-Metolachlor","N-aryl Amide Photohydrolysis; EAWAG_RULE_BT0003; EAWAG_RULE_BT0430; EAWAG_RULE_BT0029; EAWAG_RULE_BT0067_PATTERN1; Aliphatic Hydroxylation / Human Phase I","2; 1","NA; ENVMICRO; Human","CTS_combined_photolysis_abiotic_hydrolysis; BioTransformer_env; 10.1186/s13321-018-0324-5",1,1
"DFWFIQKMSFGDCQ-UHFFFAOYSA-N","CC(C)Nc1nc(N)nc(Cl)n1","9",NA,"C6H10ClN5","187.062473","TP","Atrazine-TP8; Atrazine-TP3; Atrazine-TP6-TP4; deethylatrazine; Deethylatrazine; Atrazine-desethyl","Atrazine","N-aryl Amide Photohydrolysis; s-Triazine Side Chain Photochemical N-dealkylation; EAWAG_RULE_BT0063_PATTERN2; EAWAG_RULE_BT0067_PATTERN1; Environmental; Avian metabolism/Bacterial metabolism/Fungal metabolism/Human metabolism/In vitro mammalian metabolism/Mammalian metabolism/Mammalian, bacterial, plant metabolism/Metabolism; Deethylation; Environmental Transformation","2; 1","NA; ENVMICRO; soil; Bird/Bacteria/Fungi/Human/Mammal (in vitro)/Mammal/Mammal, bacteria, plant/NULL; NULL","CTS_combined_photolysis_abiotic_hydrolysis; BioTransformer_env; 10.1021/acs.est.1c00466; 10.5281/zenodo.3827487/PMID:8967773/PMID:512229; 10.1007/s13361-017-1797-6; 10.1016/j.watres.2019.114972",2,5
"JZDAHZAVLYDAFN-UHFFFAOYSA-N","CC(=O)Nc1nc(N)nc(Cl)n1","10",NA,"C5H6ClN5O","187.026087492","TP","Atrazine-TP9; Atrazine-TP6-TP3; Atrazine-TP11-TP3; Atrazine-TP18-TP3; Atrazine-TP11-1-TP3","Atrazine","s-Triazine Side Chain Photochemical N-dealkylation; s-Triazine Side Chain N-isopropyl Photooxidation to Ketone; s-Triazine Side Chain N-alkyl Photooxidation to Carbonyl; EAWAG_RULE_BT0063_PATTERN2; EAWAG_RULE_BT0067_PATTERN1","2; 1","NA; ENVMICRO","CTS_combined_photolysis_abiotic_hydrolysis; BioTransformer_env",2,5
"FXUSSLHZUPMANN-UHFFFAOYSA-N","CC(C)Nc1ncnc(NC(C)=O)n1","11",NA,"C8H13N5O","195.112010036","TP","Atrazine-TP10; Atrazine-TP6-TP1","Atrazine","Aromatic Photohydrodehalogenation; s-Triazine Side Chain N-alkyl Photooxidation to Carbonyl; EAWAG_RULE_BT0029","2; 1","NA; ENVMICRO","CTS_combined_photolysis_abiotic_hydrolysis; BioTransformer_env",2,5
"VORGHXURDJHDGT-UHFFFAOYSA-N","CC(=O)Nc1nc(Cl)nc(NC(C)=O)n1","12",NA,"C7H8ClN5O2","229.036652176","TP","Atrazine-TP11","Atrazine","s-Triazine Side Chain N-isopropyl Photooxidation to Ketone; s-Triazine Side Chain N-alkyl Photooxidation to Carbonyl","2","NA","CTS_combined_photolysis_abiotic_hydrolysis",2,5
"FVFVNNKYKYZTJU-UHFFFAOYSA-N","Nc1nc(N)nc(Cl)n1","15",NA,"C3H4ClN5","145.015522808","TP","Atrazine-TP12; Atrazine-TP10; Atrazine-TP6-TP10; Atrazine-TP8-TP3; Atrazine-TP9-TP3; Atrazine-TP11-TP9; Atrazine-TP8-1-TP3; Atrazine-TP9-1-TP3; Atrazine-TP14-TP3; Atrazine-TP9-2-TP3; Atrazine-TP18-TP10; Atrazine-TP14-1-TP3; Atrazine-TP11-1-TP9; Atrazine-TP9-3-TP3; 6-Chloro-1,3,5-triazine-2,4-diamine","Atrazine","s-Triazine Side Chain Photochemical N-dealkylation; EAWAG_RULE_BT0063_PATTERN2; EAWAG_RULE_BT0067_PATTERN1; Human metabolism/Mammalian fetal metabolism/Mammalian metabolism","2; 1","NA; ENVMICRO; Human/Mammal","CTS_combined_photolysis_abiotic_hydrolysis; BioTransformer_env; 10.5281/zenodo.3827487/PMID:23958493",2,5
"WBEKRMVYCWRRDJ-UHFFFAOYSA-N","CC(C)Nc1ncnc(N)n1","16",NA,"C6H11N5","153.101445352","TP","Atrazine-TP13; Atrazine-TP7; Atrazine-TP6-TP8; Atrazine-TP8-TP1; Atrazine-TP10-TP3; Atrazine-TP8-1-TP1; Atrazine-TP16-TP2; Atrazine-TP10-1-TP3","Atrazine","Aromatic Photohydrodehalogenation; s-Triazine Side Chain Photochemical N-dealkylation; EAWAG_RULE_BT0063_PATTERN2; EAWAG_RULE_BT0029; EAWAG_RULE_BT0067_PATTERN1","2; 1","NA; ENVMICRO","CTS_combined_photolysis_abiotic_hydrolysis; BioTransformer_env",2,5
"IVENSCMCQBJAKW-UHFFFAOYSA-N","CCNc1nc(N)nc(Cl)n1","18",NA,"C5H8ClN5","173.046822936","TP","Atrazine-TP14; Atrazine-TP4; Atrazine-TP18-TP4; 6-deisopropyl atrazine; Atrazine-desisopropyl; Deisopropylatrazine","Atrazine","s-Triazine Side Chain Photochemical N-dealkylation; N-aryl Amide Photohydrolysis; EAWAG_RULE_BT0063_PATTERN2; EAWAG_RULE_BT0067_PATTERN1; Environmental; Desisopropyl; Environmental Transformation; Human metabolism/In vitro mammalian metabolism/Mammalian metabolism","1; 2","NA; ENVMICRO; soil; NULL; Human/Mammal (in vitro)/Mammal","CTS_combined_photolysis_abiotic_hydrolysis; BioTransformer_env; 10.1021/acs.est.1c00466; 10.1007/s13361-017-1797-6; 10.1016/j.watres.2019.114972; 10.5281/zenodo.3827487",2,5
"ZCMOXKOUKFOYFB-UHFFFAOYSA-N","CCNc1ncnc(N)n1","22",NA,"C5H9N5","139.085795288","TP","Atrazine-TP15; Atrazine-TP8; Atrazine-TP14-TP1; Atrazine-TP16-TP3; Atrazine-TP17-TP3; Atrazine-TP18-TP8; Atrazine-TP14-1-TP1; Atrazine-TP17-1-TP3","Atrazine","Aromatic Photohydrodehalogenation; s-Triazine Side Chain Photochemical N-dealkylation; EAWAG_RULE_BT0063_PATTERN2; EAWAG_RULE_BT0029; EAWAG_RULE_BT0067_PATTERN1","2; 1","NA; ENVMICRO","CTS_combined_photolysis_abiotic_hydrolysis; BioTransformer_env",2,5
"DWWKJVDRGAIXJI-UHFFFAOYSA-N","CCNc1ncnc(NC(C)C)n1","23",NA,"C8H15N5","181.13274548","TP","Atrazine-TP16; Atrazine-TP1","Atrazine","Aromatic Photohydrodehalogenation; EAWAG_RULE_BT0029","1","NA; ENVMICRO","CTS_combined_photolysis_abiotic_hydrolysis; BioTransformer_env",2,5
"HAOFHOYPNPJTBJ-UHFFFAOYSA-N","CCNc1ncnc(NC(C)=O)n1","27",NA,"C7H11N5O","181.096359972","TP","Atrazine-TP17; Atrazine-TP18-TP1","Atrazine","s-Triazine Side Chain N-isopropyl Photooxidation to Ketone; Aromatic Photohydrodehalogenation; EAWAG_RULE_BT0029","2; 1","NA; ENVMICRO","CTS_combined_photolysis_abiotic_hydrolysis; BioTransformer_env",2,5
"PXIUCQKUBNRZIR-UHFFFAOYSA-N","CCNc1nc(Cl)nc(NC(C)=O)n1","28",NA,"C7H10ClN5O","215.05738762","TP","Atrazine-TP18","Atrazine","s-Triazine Side Chain N-isopropyl Photooxidation to Ketone","1","NA","CTS_combined_photolysis_abiotic_hydrolysis",2,5
"AUBFVSRSNGQJKK-UHFFFAOYSA-N","CCc1cccc(C)c1NC(C)COCC(O)=O","2",NA,"C14H21NO3","251.152143532","TP","S-Metolachlor-TP2; S-Metolachlor-TP1-TP4","S-Metolachlor","Lactam Hydrolysis; EAWAG_RULE_BT0430","2; 1","NA; ENVMICRO","CTS_combined_photolysis_abiotic_hydrolysis; BioTransformer_env",2,3
"FOCAUTSVDIKZOP-UHFFFAOYSA-N","OC(=O)CCl","3",NA,"C2H3ClO2","93.982157016","TP","S-Metolachlor-TP3; S-Metolachlor-TP39","S-Metolachlor","N-aryl Amide Photohydrolysis; EAWAG_RULE_BT0067_PATTERN1","1; 2","NA; ENVMICRO","CTS_combined_photolysis_abiotic_hydrolysis; BioTransformer_env",1,1
"AEMRFAOFKBGASW-UHFFFAOYSA-N","OCC(O)=O","4",NA,"C2H4O3","76.016043988","TP","S-Metolachlor-TP4; S-Metolachlor-TP15; Atrazine-TP2-TP17; Atrazine-TP5-TP16; Atrazine-TP6-TP16; Atrazine-TP2-1-TP17; Atrazine-TP9-TP9; Atrazine-TP10-TP8; Atrazine-TP11-TP8; Atrazine-TP9-1-TP9; Atrazine-TP9-2-TP9; Atrazine-TP10-1-TP8; Atrazine-TP17-TP8; Atrazine-TP18-TP16; Atrazine-TP5-1-TP16; Atrazine-TP11-1-TP8; Atrazine-TP9-3-TP9; Atrazine-TP17-1-TP8; S-Metolachlor-TP1-TP15; S-Metolachlor-TP2-TP2; S-Metolachlor-TP3-TP1; S-Metolachlor-TP6-TP13","S-Metolachlor","Halogenated Aliphatics: Nucleophilic Substitution (no adjacent X); N-aryl Amide Photohydrolysis; EAWAG_RULE_BT0430; EAWAG_RULE_BT0022_PATTERN1; EAWAG_RULE_BT0332; EAWAG_RULE_BT0067_PATTERN1; EAWAG_RULE_BT0023_PATTERN2","2; 1","NA; ENVMICRO","CTS_combined_photolysis_abiotic_hydrolysis; BioTransformer_env",2,2
"YXWIRQHVEQIJOV-UHFFFAOYSA-N","CCc1cccc(C)c1NC(C)COC","5",NA,"C13H21NO","207.162314292","TP","S-Metolachlor-TP5; S-Metolachlor-TP6-TP5","S-Metolachlor","N-aryl Amide Photohydrolysis; EAWAG_RULE_BT0430","1; 2","NA; ENVMICRO","CTS_combined_photolysis_abiotic_hydrolysis; BioTransformer_env",1,2
"YRHZCHBPHOEWCA-UHFFFAOYSA-N","CCc1cccc(C)c1N(C(C)COC)C(=O)CO","6",NA,"C15H23NO3","265.167793596","TP","S-Metolachlor-TP6","S-Metolachlor","Halogenated Aliphatics: Nucleophilic Substitution (no adjacent X)","1","NA","CTS_combined_photolysis_abiotic_hydrolysis",1,3
"RENJVZBIVKQIPU-UHFFFAOYSA-N","C1(=NC(Cl)=NC(NC(C)C)=N1)O","15",NA,"C6H9ClN4O","188.046488588","TP","Atrazine-TP11; Atrazine-TP6-TP14; Atrazine-TP8-TP4; Atrazine-TP8-1-TP4","Atrazine","EAWAG_RULE_BT0330_PATTERN3","2; 1","ENVMICRO","BioTransformer_env",2,5
"NZRYDMXBGUDOMX-UHFFFAOYSA-N","CCNC1=NC(Cl)=NC(=N1)O","20",NA,"C5H7ClN4O","174.030838524","TP","Atrazine-TP13; Atrazine-TP14-TP4; Atrazine-TP18-TP14; Atrazine-TP14-1-TP4","Atrazine","EAWAG_RULE_BT0330_PATTERN3","2; 1","ENVMICRO","BioTransformer_env",2,5
"XLSMFKSTNGKWQX-UHFFFAOYSA-N","C(C)(CO)=O","22",NA,"C3H6O2","74.036779432","TP","Atrazine-TP15; Atrazine-TP1-TP13; Atrazine-TP2-TP14; Atrazine-TP3-TP7; Atrazine-TP6-TP9; Atrazine-TP2-1-TP14; Atrazine-TP8-TP7; Atrazine-TP10-TP5; Atrazine-TP8-1-TP7; Atrazine-TP3-1-TP7; Atrazine-TP13-TP3; Atrazine-TP16-TP7; Atrazine-TP10-1-TP5; Atrazine-TP13-1-TP3; S-Metolachlor-TP2-TP10; S-Metolachlor-TP5-TP9; S-Metolachlor-TP5-1-TP9","Atrazine","EAWAG_RULE_BT0332; EAWAG_RULE_BT0063_PATTERN2; EAWAG_RULE_BT0023_PATTERN2","2","ENVMICRO","BioTransformer_env",1,2
"QUSNBJAOOMFDIB-UHFFFAOYSA-N","CCN","23",NA,"C2H7N","45.057849224","TP","Atrazine-TP16; Atrazine-TP1-TP1; Atrazine-TP4-TP1; Atrazine-TP5-TP1; Atrazine-TP14-TP10; Atrazine-TP4-1-TP1; Atrazine-TP18-TP17; Atrazine-TP5-1-TP1; Atrazine-TP14-1-TP10","Atrazine","EAWAG_RULE_BT0061","2; 1","ENVMICRO","BioTransformer_env",1,1
"DBFMBHXVWIURSV-UHFFFAOYSA-N","C1(=NC(=NC(NC(C)C)=N1)O)O","24",NA,"C6H10N4O2","170.08037556","TP","Atrazine-TP17; Atrazine-TP1-TP2; Atrazine-TP2-TP3; Atrazine-TP3-TP5; Atrazine-TP6-TP19; Atrazine-TP2-1-TP3; Atrazine-TP8-TP12; Atrazine-TP8-1-TP12; Atrazine-TP3-1-TP5","Atrazine","EAWAG_RULE_BT0061; EAWAG_RULE_BT0330_PATTERN3; EAWAG_RULE_BT0330_PATTERN4","2; 1","ENVMICRO","BioTransformer_env",3,6
"ILHRXTGGTUPFJR-UHFFFAOYSA-N","CCNC1=NC(=NC(=N1)O)O","25",NA,"C5H8N4O2","156.064725496","TP","Atrazine-TP18; Atrazine-TP1-TP3; Atrazine-TP4-TP5; Atrazine-TP5-TP3; Atrazine-TP14-TP12; Atrazine-TP4-1-TP5; Atrazine-TP18-TP19; Atrazine-TP5-1-TP3; Atrazine-TP14-1-TP12","Atrazine","EAWAG_RULE_BT0061; EAWAG_RULE_BT0330_PATTERN3; EAWAG_RULE_BT0330_PATTERN4","2; 1","ENVMICRO","BioTransformer_env",3,6
"JJWLVOIRVHMVIS-UHFFFAOYSA-N","NC(C)C","26",NA,"C3H9N","59.073499288","TP","Atrazine-TP19; Atrazine-TP1-TP4; Atrazine-TP2-TP1; Atrazine-TP3-TP1; Atrazine-TP6-TP17; Atrazine-TP2-1-TP1; Atrazine-TP8-TP10; Atrazine-TP8-1-TP10; Atrazine-TP3-1-TP1","Atrazine","EAWAG_RULE_BT0061","2; 1","ENVMICRO","BioTransformer_env",1,1
"YRHZCHBPHOEWCA-LBPRGKRZSA-N","CCC1=CC=CC(C)=C1N(C(=O)CO)[C@@H](C)COC","1",NA,"C15H23NO3","265.167793596","TP","S-Metolachlor-TP1","S-Metolachlor","EAWAG_RULE_BT0022_PATTERN1","1","ENVMICRO","BioTransformer_env",1,3
"OKKJLVBELUTLKV-UHFFFAOYSA-N","CO","3",NA,"CH4O","32.026214748","TP","S-Metolachlor-TP3; S-Metolachlor-TP5-TP2; S-Metolachlor-TP6-TP16; S-Metolachlor-TP5-1-TP2","S-Metolachlor","EAWAG_RULE_BT0023_PATTERN2","1; 2","ENVMICRO","BioTransformer_env",1,1
"RNRZTRIOAPZEME-NSHDSACASA-N","CCC1=CC=CC(C)=C1N(C(=O)CCl)[C@@H](C)CO","4",NA,"C14H20ClNO2","269.11825656","TP","S-Metolachlor-TP4","S-Metolachlor","EAWAG_RULE_BT0023_PATTERN2","1","ENVMICRO","BioTransformer_env",1,2
"RHQOAOWAVCKBEK-PXYINDEMSA-N","CC(C1=CC=CC(C)=C1N(C(=O)CCl)[C@@H](C)COC)O","7",NA,"C15H22ClNO3","299.128821244","TP","S-Metolachlor-TP7","S-Metolachlor","EAWAG_RULE_BT0242_PATTERN3","1","ENVMICRO","BioTransformer_env",1,3
"SMINYPCTNJDYGK-UHFFFAOYSA-N","CCC1=CC=CC(C)=C1NC(=O)CCl","8",NA,"C11H14ClNO","211.076391748","TP","S-Metolachlor-TP8","S-Metolachlor","EAWAG_RULE_BT0243","1; 2","ENVMICRO","BioTransformer_env",1,1
"ARXJGSRGQADJSQ-UHFFFAOYSA-N","C(C)(COC)O","9",NA,"C4H10O2","90.06807956","TP","S-Metolachlor-TP9; S-Metolachlor-TP6-TP4","S-Metolachlor","EAWAG_RULE_BT0243","1; 2","ENVMICRO","BioTransformer_env",1,2
"YXWIRQHVEQIJOV-NSHDSACASA-N","CCC1=CC=CC(C)=C1N[C@@H](C)COC","10",NA,"C13H21NO","207.162314292","TP","S-Metolachlor-TP10","S-Metolachlor","EAWAG_RULE_BT0430","1; 2","ENVMICRO","BioTransformer_env",1,2
"MXMPHDJVYOMMTN-UHFFFAOYSA-N","CCC1=CC=CC(C)=C1NC(=O)CO","14",NA,"C11H15NO2","193.11027872","TP","S-Metolachlor-TP14; S-Metolachlor-TP6-TP3; CGA 37735","S-Metolachlor","EAWAG_RULE_BT0243; EAWAG_RULE_BT0022_PATTERN1; Environmental Transformation","2; 1","ENVMICRO; NULL","BioTransformer_env; 10.1016/j.watres.2019.114972",2,2
"RDRFDPTUOFLSKA-JTQLQIEISA-N","CCc1cccc(C)c1N(C(=O)CCl)[C@@H](C)C(=O)O","18",NA,"C14H18ClNO3","283.097521116","TP","S-Metolachlor-TP16","S-Metolachlor","EAWAG_RULE_BT0003","2","ENVMICRO","BioTransformer_env",1,2
"LIYYEUUORUOJAR-NSHDSACASA-N","CCC1=CC=CC(C)=C1N(C(=O)CO)[C@@H](C)CO","20",NA,"C14H21NO3","251.152143532","TP","S-Metolachlor-TP17","S-Metolachlor","EAWAG_RULE_BT0022_PATTERN1","2","ENVMICRO","BioTransformer_env",2,3
"ATZCCGPZRASKHB-NSHDSACASA-N","CCC1=CC=CC(C)=C1N(C(=O)C)[C@@H](C)CO","21",NA,"C14H21NO2","235.157228912","TP","S-Metolachlor-TP18","S-Metolachlor","EAWAG_RULE_BT0029; EAWAG_RULE_BT0023_PATTERN2","2","ENVMICRO","BioTransformer_env",1,2
"BFOYPTQTOWUSDB-UHFFFAOYSA-N","CCC1=CC=CC(C)=C1N(C(=O)CCl)C(C)(C)O","23",NA,"C14H20ClNO2","269.11825656","TP","S-Metolachlor-TP20","S-Metolachlor","EAWAG_RULE_BT0218","2","ENVMICRO","BioTransformer_env",1,2
"DNIAPMSPPWPWGF-UHFFFAOYSA-N","C(C)(CO)O","25",NA,"C3H8O2","76.052429496","TP","S-Metolachlor-TP21; S-Metolachlor-TP6-TP17","S-Metolachlor","EAWAG_RULE_BT0243; EAWAG_RULE_BT0023_PATTERN2","2","ENVMICRO","BioTransformer_env",2,2
"ALFXNLHLMQREPR-JTQLQIEISA-N","CCC1=CC=CC(C)=C1N[C@@H](C)CO","26",NA,"C12H19NO","193.146664228","TP","S-Metolachlor-TP22","S-Metolachlor","EAWAG_RULE_BT0430; EAWAG_RULE_BT0023_PATTERN2","2","ENVMICRO","BioTransformer_env",2,2
"MDJYDNVDKNLJLK-PXYINDEMSA-N","CC(C1=CC=CC(C)=C1N(C(=O)C)[C@@H](C)COC)O","32",NA,"C15H23NO3","265.167793596","TP","S-Metolachlor-TP25","S-Metolachlor","EAWAG_RULE_BT0242_PATTERN3; EAWAG_RULE_BT0029","2","ENVMICRO","BioTransformer_env",1,3
"OEYCXAGQPZAQQE-UHFFFAOYSA-N","CCC1=CC=CC(C)=C1NC(=O)C","33",NA,"C11H15NO","177.1153641","TP","S-Metolachlor-TP26","S-Metolachlor","EAWAG_RULE_BT0243; EAWAG_RULE_BT0029","2","ENVMICRO","BioTransformer_env",1,1
"DANYXMFYDRFPRR-PXYINDEMSA-N","CC(C1=CC=CC(C)=C1N(C(=O)CO)[C@@H](C)COC)O","48",NA,"C15H23NO4","281.162708216","TP","S-Metolachlor-TP33","S-Metolachlor","EAWAG_RULE_BT0022_PATTERN1","2","ENVMICRO","BioTransformer_env",2,4
"GORBVGOQDGEHGE-VUWPPUDQSA-N","CC(C1=CC=CC(C)=C1N(C(=O)CCl)[C@@H](C)C=O)O","49",NA,"C14H18ClNO3","283.097521116","TP","S-Metolachlor-TP34","S-Metolachlor","EAWAG_RULE_BT0023_PATTERN2","2","ENVMICRO","BioTransformer_env",1,3
"CZABLDSDDUXPSQ-VUWPPUDQSA-N","CC(C1=CC=CC(C)=C1N(C(=O)CCl)[C@@H](C)CO)O","51",NA,"C14H20ClNO3","285.11317118","TP","S-Metolachlor-TP35","S-Metolachlor","EAWAG_RULE_BT0023_PATTERN2","2","ENVMICRO","BioTransformer_env",2,3
"KTZQAUVRBLBDKH-UHFFFAOYSA-N","CC(C1=CC=CC(C)=C1NC(=O)CCl)O","54",NA,"C11H14ClNO2","227.071306368","TP","S-Metolachlor-TP36","S-Metolachlor","EAWAG_RULE_BT0243","2","ENVMICRO","BioTransformer_env",2,2
"MXKWFIUUPUYPAD-VUWPPUDQSA-N","CC(C1=CC=CC(C)=C1N[C@@H](C)COC)O","56",NA,"C13H21NO2","223.157228912","TP","S-Metolachlor-TP37","S-Metolachlor","EAWAG_RULE_BT0430","2","ENVMICRO","BioTransformer_env",2,3
"JJVKJJNCIILLRP-UHFFFAOYSA-N","CCC1=CC=CC(C)=C1N","60",NA,"C9H13N","135.104799416","TP","S-Metolachlor-TP38; S-Metolachlor-TP1-TP18; S-Metolachlor-TP2-TP5; S-Metolachlor-TP5-TP4; S-Metolachlor-TP6-TP12; S-Metolachlor-TP5-1-TP4","S-Metolachlor","EAWAG_RULE_BT0067_PATTERN1; EAWAG_RULE_BT0063_PATTERN2","2; 1","ENVMICRO","BioTransformer_env",1,1
"BSABBBMNWQWLLU-UHFFFAOYSA-N","C(C)(C=O)O","63",NA,"C3H6O2","74.036779432","TP","S-Metolachlor-TP41; S-Metolachlor-TP6-TP15","S-Metolachlor","EAWAG_RULE_BT0023_PATTERN2","2","ENVMICRO","BioTransformer_env",1,2
"JZGSLTWUHTZSAZ-JTQLQIEISA-N","CCC1=CC=CC(C)=C1N[C@@H](C)C=O","66",NA,"C12H17NO","191.131014164","TP","S-Metolachlor-TP42","S-Metolachlor","EAWAG_RULE_BT0023_PATTERN2","2","ENVMICRO","BioTransformer_env",1,2
"DLNFICFQUIYVBX-UHFFFAOYSA-N","NCCCNS(=O)(=O)CCC(F)(F)C(F)(F)C(F)(F)C(F)(F)C(F)(F)C(F)(F)F","1",NA,"C11H13F13N2O2S","484.049015516","TP","6_2 fluorotelomer sulfonamido propyl methyl amine-TP1; 6:2 fluorotelomer sulfonamido propyl amine","6_2 fluorotelomer sulfonamido propyl methyl amine","EAWAG_RULE_BT0063_PATTERN2; Oxidative N-demethylation","1","ENVMICRO; WWTP sludge","BioTransformer_env; 10.1002/etc.3750",2,3
"BAVYZALUXZFZLV-UHFFFAOYSA-N","CN","2",NA,"CH5N","31.04219916","TP","6_2 fluorotelomer sulfonamido propyl methyl amine-TP2","6_2 fluorotelomer sulfonamido propyl methyl amine","EAWAG_RULE_BT0063_PATTERN2","1; 2","ENVMICRO","BioTransformer_env",1,1
"JOZNZKNHTRLKIW-UHFFFAOYSA-N","C(CCNS(=O)(=O)CCC(F)(F)C(F)(F)C(F)(F)C(F)(F)C(F)(F)C(F)(F)F)=O","3",NA,"C11H10F13NO3S","483.01738104","TP","6_2 fluorotelomer sulfonamido propyl methyl amine-TP3","6_2 fluorotelomer sulfonamido propyl methyl amine","EAWAG_RULE_BT0063_PATTERN2","1; 2","ENVMICRO","BioTransformer_env",1,3
"QHJABUZHRJTCAR-UHFFFAOYSA-N","CNCCCN","4",NA,"C4H12N2","88.100048384","TP","6_2 fluorotelomer sulfonamido propyl methyl amine-TP4","6_2 fluorotelomer sulfonamido propyl methyl amine","EAWAG_RULE_BT0144","1","ENVMICRO","BioTransformer_env",2,2
"VIONGDJUYAYOPU-UHFFFAOYSA-N","S(=O)(=O)(CCC(F)(F)C(F)(F)C(F)(F)C(F)(F)C(F)(F)C(F)(F)F)O","5",NA,"C8H5F13O3S","427.97518188","TP","6_2 fluorotelomer sulfonamido propyl methyl amine-TP5; 6:2 FTSA","6_2 fluorotelomer sulfonamido propyl methyl amine","EAWAG_RULE_BT0144; Oxidation","1; 2","ENVMICRO; WWTP sludge","BioTransformer_env; 10.1002/etc.3750",1,2
"XFNJVJPLKCPIBV-UHFFFAOYSA-N","NCCCN","7",NA,"C3H10N2","74.08439832","TP","6_2 fluorotelomer sulfonamido propyl methyl amine-TP6","6_2 fluorotelomer sulfonamido propyl methyl amine","EAWAG_RULE_BT0144; EAWAG_RULE_BT0063_PATTERN2","2","ENVMICRO","BioTransformer_env",2,2
"PFQMXWGWLBXTCF-UHFFFAOYSA-N","C(=O)(CCNS(=O)(=O)CCC(F)(F)C(F)(F)C(F)(F)C(F)(F)C(F)(F)C(F)(F)F)O","9",NA,"C11H10F13NO4S","499.01229566","TP","6_2 fluorotelomer sulfonamido propyl methyl amine-TP7; 6:2 FTAA Degredation Product 5","6_2 fluorotelomer sulfonamido propyl methyl amine","EAWAG_RULE_BT0003; Oxidation","2; 1","ENVMICRO; WWTP sludge","BioTransformer_env; 10.1002/etc.3750",2,3
"PCXDJQZLDDHMGX-UHFFFAOYSA-N","C(CCN)=O","12",NA,"C3H7NO","73.052763844","TP","6_2 fluorotelomer sulfonamido propyl methyl amine-TP8","6_2 fluorotelomer sulfonamido propyl methyl amine","EAWAG_RULE_BT0063_PATTERN2","2","ENVMICRO","BioTransformer_env",1,2
"AAOIVJJZEDSKPA-UHFFFAOYSA-N","CNCCC=O","13",NA,"C4H9NO","87.068413908","TP","6_2 fluorotelomer sulfonamido propyl methyl amine-TP9","6_2 fluorotelomer sulfonamido propyl methyl amine","EAWAG_RULE_BT0063_PATTERN2","2","ENVMICRO","BioTransformer_env",1,2
"ZFSLODLOARCGLH-UHFFFAOYSA-N","C1(=NC(O)=NC(=N1)O)O","10",NA,"C3H3N3O3","129.017440956","TP","Atrazine-TP1-TP9; Atrazine-TP2-TP9; Atrazine-TP3-TP6; Atrazine-TP4-TP6; Atrazine-TP5-TP9; Atrazine-TP2-1-TP9; Atrazine-TP3-1-TP6; Atrazine-TP4-1-TP6; Atrazine-TP5-1-TP9","","EAWAG_RULE_BT0061; EAWAG_RULE_BT0330_PATTERN3","2","ENVMICRO","BioTransformer_env",3,6
"YSKUZVBSHIWEFK-UHFFFAOYSA-N","C1(=NC(O)=NC(N)=N1)O","12",NA,"C3H4N4O2","128.033425368","TP","Atrazine-TP1-TP10; Atrazine-TP2-TP10; Atrazine-TP3-TP2; Atrazine-TP4-TP2; Atrazine-TP5-TP10; Atrazine-TP2-1-TP10; Atrazine-TP8-TP13; Atrazine-TP9-TP18; Atrazine-TP8-1-TP13; Atrazine-TP3-1-TP2; Atrazine-TP12-TP5; Atrazine-TP9-1-TP18; Atrazine-TP14-TP13; Atrazine-TP4-1-TP2; Atrazine-TP9-2-TP18; Atrazine-TP12-1-TP5; Atrazine-TP5-1-TP10; Atrazine-TP14-1-TP13; Atrazine-TP9-3-TP18","","EAWAG_RULE_BT0063_PATTERN2; EAWAG_RULE_BT0061; EAWAG_RULE_BT0067_PATTERN1; EAWAG_RULE_BT0330_PATTERN3; EAWAG_RULE_BT0330_PATTERN4","2; 1","ENVMICRO","BioTransformer_env",3,6
"MASBWURJQFFLOO-UHFFFAOYSA-N","NC1=NC(O)=NC(N)=N1","22",NA,"C3H5N5O","127.04940978","TP","Atrazine-TP1-TP12; Atrazine-TP2-TP15; Atrazine-TP3-TP4; Atrazine-TP4-TP4; Atrazine-TP5-TP14; Atrazine-TP2-1-TP15; Atrazine-TP8-TP14; Atrazine-TP9-TP19; Atrazine-TP8-1-TP14; Atrazine-TP3-1-TP4; Atrazine-TP9-1-TP19; Atrazine-TP14-TP14; Atrazine-TP4-1-TP4; Atrazine-TP9-2-TP19; Atrazine-TP5-1-TP14; Atrazine-TP14-1-TP14; Atrazine-TP9-3-TP19; Ammeline","Atrazine","EAWAG_RULE_BT0063_PATTERN2; EAWAG_RULE_BT0067_PATTERN1; Mammalian metabolism","2; 1","ENVMICRO; Mammal","BioTransformer_env; 10.5281/zenodo.3827487",3,6
"UJHUCRXOZISPSH-UHFFFAOYSA-N","C1(=NC(O)=NC(NC(C)=O)=N1)O","2",NA,"C5H6N4O3","170.043990052","TP","Atrazine-TP2-TP2; Atrazine-TP5-TP2; Atrazine-TP6-TP18; Atrazine-TP2-1-TP2; Atrazine-TP9-TP17; Atrazine-TP11-TP17; Atrazine-TP9-1-TP17; Atrazine-TP9-2-TP17; Atrazine-TP18-TP18; Atrazine-TP5-1-TP2; Atrazine-TP11-1-TP17; Atrazine-TP9-3-TP17","","EAWAG_RULE_BT0061; EAWAG_RULE_BT0330_PATTERN3; EAWAG_RULE_BT0330_PATTERN4","1; 2","ENVMICRO","BioTransformer_env",3,6
"DLFVBJFMPXGRIB-UHFFFAOYSA-N","NC(C)=O","4",NA,"C2H5NO","59.03711378","TP","Atrazine-TP2-TP4; Atrazine-TP5-TP4; Atrazine-TP6-TP20; Atrazine-TP2-1-TP4; Atrazine-TP9-TP15; Atrazine-TP11-TP16; Atrazine-TP9-1-TP15; Atrazine-TP9-2-TP15; Atrazine-TP18-TP20; Atrazine-TP5-1-TP4; Atrazine-TP11-1-TP16; Atrazine-TP9-3-TP15","","EAWAG_RULE_BT0061","1; 2","ENVMICRO","BioTransformer_env",1,1
"KIQMRVUJLQUPRS-UHFFFAOYSA-N","NC1=NC(O)=NC(NC(C)=O)=N1","6",NA,"C5H7N5O2","169.059974464","TP","Atrazine-TP2-TP6; Atrazine-TP5-TP6; Atrazine-TP6-TP13; Atrazine-TP2-1-TP6; Atrazine-TP9-TP6; Atrazine-TP11-TP12; Atrazine-TP9-1-TP6; Atrazine-TP9-2-TP6; Atrazine-TP18-TP13; Atrazine-TP5-1-TP6; Atrazine-TP11-1-TP12; Atrazine-TP9-3-TP6","","EAWAG_RULE_BT0063_PATTERN2; EAWAG_RULE_BT0330_PATTERN4; EAWAG_RULE_BT0067_PATTERN1","1; 2","ENVMICRO","BioTransformer_env",3,6
"QLGNGDJFLKBBGA-UHFFFAOYSA-N","C1(=NC(O)=NC(NC(CO)=O)=N1)O","14",NA,"C5H6N4O4","186.038904672","TP","Atrazine-TP2-TP11; Atrazine-TP5-TP11; Atrazine-TP2-1-TP11; Atrazine-TP5-1-TP11","","EAWAG_RULE_BT0332","2","ENVMICRO","BioTransformer_env",4,7
"TZGPACAKMCUCKX-UHFFFAOYSA-N","NC(CO)=O","20",NA,"C2H5NO2","75.0320284","TP","Atrazine-TP2-TP13; Atrazine-TP5-TP13; Atrazine-TP2-1-TP13; Atrazine-TP5-1-TP13","","EAWAG_RULE_BT0332","2","ENVMICRO","BioTransformer_env",2,2
"XQNVQHWFVCUGNK-UHFFFAOYSA-N","NC1=NC(O)=NC(NC(CO)=O)=N1","26",NA,"C5H7N5O3","185.054889084","TP","Atrazine-TP2-TP16; Atrazine-TP5-TP15; Atrazine-TP2-1-TP16; Atrazine-TP9-TP13; Atrazine-TP9-1-TP13; Atrazine-TP9-2-TP13; Atrazine-TP5-1-TP15; Atrazine-TP9-3-TP13","","EAWAG_RULE_BT0332; EAWAG_RULE_BT0330_PATTERN4","2","ENVMICRO","BioTransformer_env",4,7
"CHKCDDQUCVQBIY-UHFFFAOYSA-N","NC1=NC=NC(NC(C)=O)=N1","8",NA,"C5H7N5O","153.065059844","TP","Atrazine-TP6-TP7; Atrazine-TP9-TP1; Atrazine-TP10-TP2; Atrazine-TP11-TP6; Atrazine-TP9-1-TP1; Atrazine-TP9-2-TP1; Atrazine-TP10-1-TP2; Atrazine-TP17-TP2; Atrazine-TP18-TP7; Atrazine-TP11-1-TP6; Atrazine-TP9-3-TP1; Atrazine-TP17-1-TP2","","EAWAG_RULE_BT0063_PATTERN2; EAWAG_RULE_BT0029; EAWAG_RULE_BT0067_PATTERN1","2; 1","ENVMICRO","BioTransformer_env",2,5
"CPURCWHNQBUZHE-UHFFFAOYSA-N","NC1=NC(Cl)=NC(NC(CO)=O)=N1","15",NA,"C5H6ClN5O2","203.021002112","TP","Atrazine-TP6-TP11; Atrazine-TP9-TP4; Atrazine-TP11-TP10; Atrazine-TP9-1-TP4; Atrazine-TP9-2-TP4; Atrazine-TP18-TP11; Atrazine-TP11-1-TP10; Atrazine-TP9-3-TP4","","EAWAG_RULE_BT0332; EAWAG_RULE_BT0067_PATTERN1","2; 1","ENVMICRO","BioTransformer_env",3,6
"IROCGBNGVFAYFU-UHFFFAOYSA-N","C1(=NC(Cl)=NC(NC(C)=O)=N1)O","16",NA,"C5H5ClN4O2","188.01010308","TP","Atrazine-TP6-TP12; Atrazine-TP9-TP5; Atrazine-TP11-TP11; Atrazine-TP9-1-TP5; Atrazine-TP9-2-TP5; Atrazine-TP18-TP12; Atrazine-TP11-1-TP11; Atrazine-TP9-3-TP5","","EAWAG_RULE_BT0330_PATTERN3","2; 1","ENVMICRO","BioTransformer_env",2,5
"VZXTWGWHSMCWGA-UHFFFAOYSA-N","NC1=NC(N)=NC=N1","7",NA,"C3H5N5","111.05449516","TP","Atrazine-TP8-TP6; Atrazine-TP9-TP7; Atrazine-TP10-TP6; Atrazine-TP8-1-TP6; Atrazine-TP12-TP1; Atrazine-TP13-TP2; Atrazine-TP9-1-TP7; Atrazine-TP14-TP6; Atrazine-TP9-2-TP7; Atrazine-TP12-1-TP1; Atrazine-TP15-TP2; Atrazine-TP16-TP6; Atrazine-TP10-1-TP6; Atrazine-TP13-1-TP2; Atrazine-TP15-1-TP2; Atrazine-TP17-TP6; Atrazine-TP14-1-TP6; Atrazine-TP9-3-TP7; Atrazine-TP17-1-TP6","","EAWAG_RULE_BT0063_PATTERN2; EAWAG_RULE_BT0029; EAWAG_RULE_BT0067_PATTERN1","2; 1","ENVMICRO","BioTransformer_env",2,5
"GHCVXTFBVDVFGE-UHFFFAOYSA-N","C1(=NC(N)=NC(Cl)=N1)O","10",NA,"C3H3ClN4O","145.999538396","TP","Atrazine-TP8-TP8; Atrazine-TP9-TP10; Atrazine-TP8-1-TP8; Atrazine-TP12-TP2; Atrazine-TP9-1-TP10; Atrazine-TP14-TP8; Atrazine-TP9-2-TP10; Atrazine-TP12-1-TP2; Atrazine-TP14-1-TP8; Atrazine-TP9-3-TP10","","EAWAG_RULE_BT0330_PATTERN3; EAWAG_RULE_BT0063_PATTERN2; EAWAG_RULE_BT0067_PATTERN1","2; 1","ENVMICRO","BioTransformer_env",2,5
"PKNPRIYCUVKOFU-UHFFFAOYSA-N","CC(C)NC1=NC(=NC=N1)O","11",NA,"C6H10N4O","154.08546094","TP","Atrazine-TP8-TP9; Atrazine-TP8-1-TP9","","EAWAG_RULE_BT0029","2","ENVMICRO","BioTransformer_env",2,5
"YDHNHFNGJCKAIZ-UHFFFAOYSA-N","C1(=NC(=NC(Cl)=N1)O)O","13",NA,"C3H2ClN3O2","146.983553984","TP","Atrazine-TP8-TP11; Atrazine-TP9-TP16; Atrazine-TP8-1-TP11; Atrazine-TP12-TP4; Atrazine-TP9-1-TP16; Atrazine-TP14-TP11; Atrazine-TP9-2-TP16; Atrazine-TP12-1-TP4; Atrazine-TP14-1-TP11; Atrazine-TP9-3-TP16","","EAWAG_RULE_BT0061; EAWAG_RULE_BT0330_PATTERN3","2","ENVMICRO","BioTransformer_env",2,5
"KCIMKNBROURZOR-UHFFFAOYSA-N","C(C(=O)NC1=NC(N)=NC=N1)O","9",NA,"C5H7N5O2","169.059974464","TP","Atrazine-TP9-TP8; Atrazine-TP10-TP7; Atrazine-TP9-1-TP8; Atrazine-TP9-2-TP8; Atrazine-TP10-1-TP7; Atrazine-TP17-TP7; Atrazine-TP9-3-TP8; Atrazine-TP17-1-TP7","","EAWAG_RULE_BT0332; EAWAG_RULE_BT0029","2","ENVMICRO","BioTransformer_env",3,6
"WBWBFLRCQMLGON-UHFFFAOYSA-N","C(C(=O)NC1=NC(N)=NC(Cl)=N1)=O","13",NA,"C5H4ClN5O2","201.005352048","TP","Atrazine-TP9-TP11; Atrazine-TP9-1-TP11; Atrazine-TP9-2-TP11; Atrazine-TP9-3-TP11","","EAWAG_RULE_BT0001","2","ENVMICRO","BioTransformer_env",2,6
"ZMFHCDFJDSLBRR-UHFFFAOYSA-N","C(C(=O)NC1=NC(=NC(Cl)=N1)O)O","17",NA,"C5H5ClN4O3","204.0050177","TP","Atrazine-TP9-TP12; Atrazine-TP9-1-TP12; Atrazine-TP9-2-TP12; Atrazine-TP9-3-TP12","","EAWAG_RULE_BT0330_PATTERN3; EAWAG_RULE_BT0332","2","ENVMICRO","BioTransformer_env",3,6
"GSOHMIRRNZYYJG-UHFFFAOYSA-N","CC(=O)NC1=NC(=NC=N1)O","19",NA,"C5H6N4O2","154.049075432","TP","Atrazine-TP9-TP14; Atrazine-TP9-1-TP14; Atrazine-TP9-2-TP14; Atrazine-TP9-3-TP14","","EAWAG_RULE_BT0029","2","ENVMICRO","BioTransformer_env",2,5
"NHSNRSSNNDXUMH-UHFFFAOYSA-N","CC(=O)NC1=NC=NC(NC(C)=O)=N1","1",NA,"C7H9N5O2","195.075624528","TP","Atrazine-TP11-TP1; Atrazine-TP11-1-TP1","","EAWAG_RULE_BT0029","1","ENVMICRO","BioTransformer_env",2,5
"KUMYSWKBTBNLLQ-UHFFFAOYSA-N","C(C(=O)NC1=NC(Cl)=NC(NC(C)=O)=N1)O","4",NA,"C7H8ClN5O3","245.031566796","TP","Atrazine-TP11-TP4; Atrazine-TP11-1-TP4","","EAWAG_RULE_BT0332","1","ENVMICRO","BioTransformer_env",3,6
"RTIFUAIHJMZJEH-UHFFFAOYSA-N","CC(=O)NC1=NC(=NC(NC(C)=O)=N1)O","5",NA,"C7H9N5O3","211.070539148","TP","Atrazine-TP11-TP5; Atrazine-TP11-1-TP5","","EAWAG_RULE_BT0330_PATTERN4","1","ENVMICRO","BioTransformer_env",3,6
"KYQSHAYGUKMVNG-UHFFFAOYSA-N","C(C(=O)NC1=NC=NC(NC(C)=O)=N1)O","8",NA,"C7H9N5O3","211.070539148","TP","Atrazine-TP11-TP7; Atrazine-TP11-1-TP7","","EAWAG_RULE_BT0332; EAWAG_RULE_BT0029","2","ENVMICRO","BioTransformer_env",3,6
"WSHNXFREMDHMNB-UHFFFAOYSA-N","C(C(=O)NC1=NC(Cl)=NC(NC(C)=O)=N1)=O","16",NA,"C7H6ClN5O3","243.015916732","TP","Atrazine-TP11-TP13; Atrazine-TP11-1-TP13","","EAWAG_RULE_BT0001","2","ENVMICRO","BioTransformer_env",2,6
"MUIOXDSTUWDTOZ-UHFFFAOYSA-N","C(C(=O)NC1=NC(Cl)=NC(NC(CO)=O)=N1)O","22",NA,"C7H8ClN5O4","261.026481416","TP","Atrazine-TP11-TP14; Atrazine-TP11-1-TP14","","EAWAG_RULE_BT0332","2","ENVMICRO","BioTransformer_env",4,7
"QGUNOINBRUDYBD-UHFFFAOYSA-N","C(C(=O)NC1=NC(=NC(NC(C)=O)=N1)O)O","23",NA,"C7H9N5O4","227.065453768","TP","Atrazine-TP11-TP15; Atrazine-TP11-1-TP15","","EAWAG_RULE_BT0330_PATTERN4; EAWAG_RULE_BT0332","2","ENVMICRO","BioTransformer_env",4,7
"MFEFTTYGMZOIKO-UHFFFAOYSA-N","C1(=NC(N)=NC=N1)O","3",NA,"C3H4N4O","112.038510748","TP","Atrazine-TP12-TP3; Atrazine-TP12-1-TP3","","EAWAG_RULE_BT0029","2","ENVMICRO","BioTransformer_env",2,5
"SVHCCFAIROBWBE-UHFFFAOYSA-N","CCNC1=NC(=NC=N1)O","11",NA,"C5H8N4O","140.069810876","TP","Atrazine-TP14-TP9; Atrazine-TP14-1-TP9","","EAWAG_RULE_BT0029","2","ENVMICRO","BioTransformer_env",2,5
"HDKWWPVVCJDKQQ-UHFFFAOYSA-N","CCC1=CC=CC(C)=C1N2C(C)C(OCC2=O)O","2",NA,"C14H19NO3","249.136493468","TP","S-Metolachlor-TP1-TP2","","EAWAG_RULE_BT0073","1","ENVMICRO","BioTransformer_env",1,3
"QPDFDZIXZFNQDJ-UHFFFAOYSA-N","CCC1=CC=CC(C)=C1N2C(C)COC(C2=O)O","3",NA,"C14H19NO3","249.136493468","TP","S-Metolachlor-TP1-TP3","","EAWAG_RULE_BT0073","1","ENVMICRO","BioTransformer_env",1,3
"KFKJLXIXDYQPNP-UHFFFAOYSA-N","CCC1=CC=CC(C)=C1N2C(C)C(OC(C2=O)O)O","10",NA,"C14H19NO4","265.131408088","TP","S-Metolachlor-TP1-TP9","","EAWAG_RULE_BT0073","2","ENVMICRO","BioTransformer_env",2,4
"HBOZGWCYCQTEAK-UHFFFAOYSA-N","CCC1=CC=CC(C)=C1N2C(C)(COCC2=O)O","11",NA,"C14H19NO3","249.136493468","TP","S-Metolachlor-TP1-TP10","","EAWAG_RULE_BT0218","2","ENVMICRO","BioTransformer_env",1,3
"STJIQOWMZRFULL-UHFFFAOYSA-N","CCc1cccc(C)c1NC(C)C(OCC(=O)O)O","12",NA,"C14H21NO4","267.147058152","TP","S-Metolachlor-TP1-TP11","","EAWAG_RULE_BT0430","2","ENVMICRO","BioTransformer_env",3,4
"PMIOVDHPRVZOBO-UHFFFAOYSA-N","CCc1cccc(C)c1NC(C)COC(C(=O)O)O","16",NA,"C14H21NO4","267.147058152","TP","S-Metolachlor-TP1-TP13","","EAWAG_RULE_BT0430","2","ENVMICRO","BioTransformer_env",3,4
"JZGSLTWUHTZSAZ-UHFFFAOYSA-N","CCC1=CC=CC(C)=C1NC(C)C=O","17",NA,"C12H17NO","191.131014164","TP","S-Metolachlor-TP1-TP14; S-Metolachlor-TP2-TP1; S-Metolachlor-TP5-TP1; S-Metolachlor-TP6-TP18; S-Metolachlor-TP5-1-TP1","","EAWAG_RULE_BT0023_PATTERN2; EAWAG_RULE_BT0001","2; 1","ENVMICRO","BioTransformer_env",1,2
"ALFXNLHLMQREPR-UHFFFAOYSA-N","CCC1=CC=CC(C)=C1NC(C)CO","19",NA,"C12H19NO","193.146664228","TP","S-Metolachlor-TP1-TP16; S-Metolachlor-TP2-TP3; S-Metolachlor-TP5-TP3; S-Metolachlor-TP6-TP19; S-Metolachlor-TP5-1-TP3","","EAWAG_RULE_BT0023_PATTERN2","2; 1","ENVMICRO","BioTransformer_env",2,2
"HHLFWLYXYJOTON-UHFFFAOYSA-N","O=CC(=O)O","20",NA,"C2H2O3","74.000393924","TP","S-Metolachlor-TP1-TP17; S-Metolachlor-TP2-TP4; S-Metolachlor-TP3-TP3; S-Metolachlor-TP6-TP20","","EAWAG_RULE_BT0023_PATTERN2; EAWAG_RULE_BT0001","2; 1","ENVMICRO","BioTransformer_env",1,2
"AONOZBGBRAWBEC-UHFFFAOYSA-N","C(=O)(C)COCC(=O)O","22",NA,"C5H8O4","132.042258736","TP","S-Metolachlor-TP1-TP19; S-Metolachlor-TP2-TP6","","EAWAG_RULE_BT0063_PATTERN2","2; 1","ENVMICRO","BioTransformer_env",1,3
"ACQCQKSFTBFYDO-UHFFFAOYSA-N","CCc1cccc(C)c1NC(C)C(=O)O","7",NA,"C12H17NO2","207.125928784","TP","S-Metolachlor-TP2-TP7; S-Metolachlor-TP5-TP6; S-Metolachlor-TP5-1-TP6","","EAWAG_RULE_BT0003","2","ENVMICRO","BioTransformer_env",2,2
"UGDPORURTJEURP-UHFFFAOYSA-N","CCC1=C(C(=CC(C)=C1NC(C)CO)O)O","10",NA,"C12H19NO3","225.136493468","TP","S-Metolachlor-TP2-TP8; S-Metolachlor-TP5-TP7; S-Metolachlor-TP5-1-TP7","","EAWAG_RULE_BT0005_PATTERN3","2","ENVMICRO","BioTransformer_env",4,4
"DRCFZRNQWXJNSF-UHFFFAOYSA-N","CCC1=CC(=C(C(C)=C1NC(C)CO)O)O","11",NA,"C12H19NO3","225.136493468","TP","S-Metolachlor-TP2-TP9; S-Metolachlor-TP5-TP8; S-Metolachlor-TP5-1-TP8","","EAWAG_RULE_BT0005_PATTERN3","2","ENVMICRO","BioTransformer_env",4,4
"RMPHRLPGAHEOPX-UHFFFAOYSA-N","CCC1=CC=CC(C)=C1NC(C)(C)O","14",NA,"C12H19NO","193.146664228","TP","S-Metolachlor-TP2-TP11; S-Metolachlor-TP5-TP10; S-Metolachlor-TP5-1-TP10","","EAWAG_RULE_BT0218","2","ENVMICRO","BioTransformer_env",2,2
"MUBZPKHOEPUJKR-UHFFFAOYSA-N","O=C(C(=O)O)O","15",NA,"C2H2O4","89.995308544","TP","S-Metolachlor-TP2-TP12","","EAWAG_RULE_BT0003","2","ENVMICRO","BioTransformer_env",2,2
"RGPQSJHAAUASOX-UHFFFAOYSA-N","CCC1=C(C(=CC(C)=C1N)O)O","16",NA,"C9H13NO2","167.094628656","TP","S-Metolachlor-TP2-TP13; S-Metolachlor-TP5-TP11; S-Metolachlor-TP5-1-TP11","","EAWAG_RULE_BT0005_PATTERN3","2","ENVMICRO","BioTransformer_env",3,3
"AOPVCICATQBYDJ-UHFFFAOYSA-N","CCC1=CC(=C(C(C)=C1N)O)O","17",NA,"C9H13NO2","167.094628656","TP","S-Metolachlor-TP2-TP14; S-Metolachlor-TP5-TP12; S-Metolachlor-TP5-1-TP12","","EAWAG_RULE_BT0005_PATTERN3","2","ENVMICRO","BioTransformer_env",3,3
"RNQMERCPVXXHIB-UHFFFAOYSA-N","CC(C1=CC=CC(C)=C1N)O","19",NA,"C9H13NO","151.099714036","TP","S-Metolachlor-TP2-TP16; S-Metolachlor-TP5-TP14; S-Metolachlor-TP5-1-TP14","","EAWAG_RULE_BT0242_PATTERN3","2","ENVMICRO","BioTransformer_env",2,2
"LNOOSYCKMKZOJB-UHFFFAOYSA-N","CCc1cccc(C)c1N(C(C)COC)C(=O)C(=O)O","7",NA,"C15H21NO4","279.147058152","TP","S-Metolachlor-TP6-TP7; metolachlor oxanilic acid","S-Metolachlor","EAWAG_RULE_BT0003; Environmental Transformation","2; 1","ENVMICRO; NULL","BioTransformer_env; 10.1016/j.watres.2019.114972",1,3
"WMAIKAUPOIRPIM-UHFFFAOYSA-N","CCC1=CC=CC(C)=C1NC(=O)C=O","13",NA,"C11H13NO2","191.094628656","TP","S-Metolachlor-TP6-TP11","","EAWAG_RULE_BT0001","2","ENVMICRO","BioTransformer_env",1,2
"PQOIZBRRWJWKAC-UHFFFAOYSA-N","CCNC1=NC(=NC(=N1)Cl)NC(C)CO","15",NA,"C8H14ClN5O","231.0886878","TP","2-Chloro-4-(ethylamino)-6-(1-methyl-2-hydroxyethylamino)-1,3,5-triazine","Atrazine","In vitro mammalian metabolism","1","Mammal (in vitro)","10.5281/zenodo.3827487",3,6
"IMFSUYMDPTXKCC-VIFPVBQESA-N","CCC1=CC=CC(=C1N([C@@H](C)C(=O)O)C(=O)C(=O)O)C","1",NA,"C14H17NO5","279.11067264","TP","CGA 357704","S-Metolachlor","Environmental Transformation","1","NULL","10.1016/j.watres.2019.114972",2,3
"QPVPJECIHVSBLZ-UHFFFAOYSA-N","CCC1=CC=CC(=C1NC(=O)CS(=O)(=O)O)C","2",NA,"C11H15NO4S","257.07217913","TP","CGA 368208 = Acetochlor sulfonic acid","S-Metolachlor","Environmental Transformation","1","NULL","10.1016/j.watres.2019.114972",2,3
"ACQCQKSFTBFYDO-VIFPVBQESA-N","CCC1=CC=CC(=C1N[C@@H](C)C(=O)O)C","4",NA,"C12H17NO2","207.125928785","TP","CGA 50267","S-Metolachlor","Environmental Transformation","1","NULL","10.1016/j.watres.2019.114972",2,2
"SAWXESXDACFEPC-UHFFFAOYSA-N","CCC1=CC=CC(=C1NC(=O)C(=O)O)C","5",NA,"C11H13NO3","207.08954328","TP","CGA 50720","S-Metolachlor","Environmental Transformation","1","NULL","10.1016/j.watres.2019.114972",2,2
"WOXWIWNBIJDJHI-JTQLQIEISA-N","CCC1=CC=CC(=C1N([C@@H](C)C(=O)O)C(=O)CS(=O)(=O)O)C","6",NA,"C14H19NO6S","329.0933085","TP","NOA 413173","S-Metolachlor","Environmental Transformation","1","NULL","10.1016/j.watres.2019.114972",2,4
"RNRZTRIOAPZEME-UHFFFAOYSA-N","CCC1=CC=CC(=C1N(C(C)CO)C(=O)CCl)C","7",NA,"C14H20ClNO2","269.1182566","TP","2-Chloro-N-(2-ethyl-6-methylphenyl)-N-(2-hydroxy-1-methylethyl)acetamide","S-Metolachlor","O-demethylation / Human Phase I","1","Human","10.1186/s13321-018-0324-5",1,2
"CIGKZVUEZXGYSV-UHFFFAOYSA-N","CCC1=CC=CC(=C1N(C(C)COC)C(=O)CS(=O)(=O)O)C","8",NA,"C15H23NO5S","329.12969401","TP","metolachlor ethane sulfonic acid","S-Metolachlor","Environmental Transformation","1","NULL","10.1016/j.watres.2019.114972",1,4
"SQAFCSVGKMMETM-UHFFFAOYSA-N","C(CS(=O)(=O)N)C(C(C(C(C(C(F)(F)F)(F)F)(F)F)(F)F)(F)F)(F)F","2",NA,"C8H6F13NO2S","426.9911657","TP","6:2 FTSAm","6_2 fluorotelomer sulfonamido propyl methyl amine","Oxidative N-demethylation(x2); Oxidative N-demethylation; Oxidation+Oxidative N-dealkylation; Oxidative N-dealkylation","1; 2","WWTP sludge","10.1002/etc.3750",1,2
"GRJRKPMIRMSBNK-UHFFFAOYSA-N","C(CO)C(C(C(C(C(C(F)(F)F)(F)F)(F)F)(F)F)(F)F)(F)F","4",NA,"C8H5F13O","364.0132809","TP","6:2 FTOH","6_2 fluorotelomer sulfonamido propyl methyl amine","Oxidation/Oxidation(x2); Oxidation","2; 1","WWTP sludge","10.1002/etc.3750",1,1
"LRWIIEJPCFNNCZ-UHFFFAOYSA-N","C(C(=O)O)C(C(C(C(C(C(F)(F)F)(F)F)(F)F)(F)F)(F)F)(F)F","7",NA,"C8H3F13O2","377.9925454","TP","6:2 FTCA","6_2 fluorotelomer sulfonamido propyl methyl amine","Oxidation(x4); Oxidation(x3); Oxidation(x2); Oxidation","2; 1","WWTP sludge; WWTP sludge/Male Sprague-Dawley rat - blood, liver, kidneys","10.1002/etc.3750; 10.1002/etc.3750/10.1016/j.cbi.2005.06.007",1,1
"BKOBFLVYTXYFQZ-UHFFFAOYSA-N","C(=C(C(C(C(C(C(F)(F)F)(F)F)(F)F)(F)F)(F)F)F)C(=O)O","9",NA,"C8H2F12O2","357.9863172","TP","6:2 FTUCA; 6:2 FtUCA","6_2 fluorotelomer sulfonamido propyl methyl amine","Oxidation(x5); Oxidation; Oxidation(x4); Oxidation(x3); Oxidation(x2)","2; 1","WWTP sludge; soil microcosm","10.1002/etc.3750; 10.1021/acs.est.5b01219",1,1
"ZWBAMYVPMDSJGQ-UHFFFAOYSA-N","C(=O)(C(C(C(C(C(C(F)(F)F)(F)F)(F)F)(F)F)(F)F)(F)F)O","10",NA,"C7HF13O2","363.976896132","TP","PFHpA","6_2 fluorotelomer sulfonamido propyl methyl amine","Oxidation(x5); Alpha-Oxidation/Oxidation","2","WWTP sludge; Male Sprague-Dawley rat - blood, liver, kidneys/WWTP sludge","10.1002/etc.3750; 10.1016/j.cbi.2005.06.007/10.1002/etc.3750",1,1
"ABFCFCPCGMHSRX-UHFFFAOYSA-N","C(CC(C(C(C(C(F)(F)F)(F)F)(F)F)(F)F)(F)F)C(=O)O","12",NA,"C8H5F11O2","342.01138918","TP","5:3 FTCA; 5:3 FtCA","6_2 fluorotelomer sulfonamido propyl methyl amine","Oxidation(x6)/Oxidation(x7); Oxidation(x5)/Oxidation(x6); Oxidation; Oxidation/Oxidation(x2); Oxidation(x4)/Oxidation(x5); Oxidation(x3)/Oxidation(x4); Oxidation(x2)/Oxidation(x3)","2; 1","WWTP sludge; soil microcosm","10.1002/etc.3750; 10.1021/acs.est.5b01219",1,1
"QOYNEVFKTZVANM-UHFFFAOYSA-N","CC(C(C(C(C(C(F)(F)F)(F)F)(F)F)(F)F)(F)F)O","13",NA,"C7H5F11O","314.01647456","TP","5:2 sFTOH","6_2 fluorotelomer sulfonamido propyl methyl amine","Oxidation(x7); Oxidation(x6); Oxidation(x2); Oxidation(x5); Oxidation(x4); Oxidation(x3); Oxidation","2; 1","WWTP sludge","10.1002/etc.3750",1,1
"UGMLUHQLUFIGNF-OWOJBTEDSA-N","C(=C/C(C(C(C(C(F)(F)F)(F)F)(F)F)(F)F)(F)F)\C(=O)O","14",NA,"C8H3F11O2","339.99573912","TP","5:3 FTUCA","6_2 fluorotelomer sulfonamido propyl methyl amine","Oxidation(x7); Oxidation(x6); Oxidation(x2); Oxidation(x5); Oxidation(x4); Oxidation(x3); Oxidation","2; 1","WWTP sludge","10.1002/etc.3750",1,1
"PXUULQAPEKKVAH-UHFFFAOYSA-N","C(=O)(C(C(C(C(C(F)(F)F)(F)F)(F)F)(F)F)(F)F)O","15",NA,"C6HF11O2","313.980089692","TP","PFHxA","6_2 fluorotelomer sulfonamido propyl methyl amine","Oxidation(x8); Photocatalytic oxidation, Microbial/abiotic transformation/Oxidation(x7); Oxidation; Oxidation(x3)/(-HF)/Oxidation(x6); (-HF)/Oxidation(x2)/Oxidation(x5); (-HF)/beta-Oxidation/Oxidation(x4); CF2 loss; Oxidation(x2); Beta-Oxidation","2; 1","WWTP sludge; Soil/WWTP sludge; soil microcosm; Male Sprague-Dawley rat - blood, liver, kidneys/WWTP sludge; Plasma-based water treatment; Male Sprague-Dawley rat - blood, liver, kidneys","10.1002/etc.3750; 10.1016/j.scitotenv.2023.164907/10.1002/etc.3750; 10.1021/acs.est.5b01219; 10.1016/j.cbi.2005.06.007/10.1002/etc.3750; 10.1021/acs.est.8b07031; 10.1016/j.cbi.2005.06.007",1,1
"YPJUNDFVDDCYIH-UHFFFAOYSA-N","C(=O)(C(C(C(F)(F)F)(F)F)(F)F)O","16",NA,"C4HF7O2","213.986476812","TP","PFBA","6_2 fluorotelomer sulfonamido propyl methyl amine","Oxidation(x8)/-C2F4; Oxidation; CF2 loss (x3); CF2 loss","2","WWTP sludge; soil microcosm; Plasma-based water treatment","10.1002/etc.3750; 10.1021/acs.est.5b01219; 10.1021/acs.est.8b07031",1,1
"CXZGQIAOTKWCDB-UHFFFAOYSA-N","C(=O)(C(C(C(C(F)(F)F)(F)F)(F)F)(F)F)O","17",NA,"C5HF9O2","263.983283252","TP","PFPeA","6_2 fluorotelomer sulfonamido propyl methyl amine","Oxidation(x8)/-CF2; Oxidation; CF2 loss; CF2 loss (x2)","2","WWTP sludge; soil microcosm; Plasma-based water treatment","10.1002/etc.3750; 10.1021/acs.est.5b01219; 10.1021/acs.est.8b07031",1,1
"QGCRDEVAWUFVFN-UQGZVRACSA-N","C(CO[C@H]1[C@@H]([C@H]([C@@H]([C@H](O1)C(=O)O)O)O)O)C(C(C(C(C(C(F)(F)F)(F)F)(F)F)(F)F)(F)F)(F)F","29",NA,"C14H13F13O7","540.0453689","TP","6:2 FTOH-Gluc","","Conjugation","2","Male Sprague-Dawley rat - blood, liver, kidneys","10.1016/j.cbi.2005.06.007",4,6
"BGJBRLCWYHDOSY-UHFFFAOYSA-N","C(COS(=O)(=O)O)C(C(C(C(C(C(F)(F)F)(F)F)(F)F)(F)F)(F)F)(F)F","30",NA,"C8H5F13O4S","443.9700959","TP","6:2 FTOH-Sulfate","","Conjugation","2","Male Sprague-Dawley rat - blood, liver, kidneys","10.1016/j.cbi.2005.06.007",1,3
"BKOBFLVYTXYFQZ-OWOJBTEDSA-N","C(=C(\C(C(C(C(C(F)(F)F)(F)F)(F)F)(F)F)(F)F)/F)\C(=O)O","34",NA,"C8H2F12O2","357.9863172","TP","(E)-6:2 FTUCA","","Oxidation(x2)/(-HF); (-HF)/Oxidation; (-HF); Oxidation","2; 1","Male Sprague-Dawley rat - blood, liver, kidneys","10.1016/j.cbi.2005.06.007",1,1
"BKOBFLVYTXYFQZ-UPHRSURJSA-N","C(=C(/C(C(C(C(C(F)(F)F)(F)F)(F)F)(F)F)(F)F)\F)\C(=O)O","35",NA,"C8H2F12O2","357.9863172","TP","(Z)-6:2 FTUCA","","Oxidation(x2)/(-HF); (-HF)/Oxidation; (-HF); Oxidation","2; 1","Male Sprague-Dawley rat - blood, liver, kidneys","10.1016/j.cbi.2005.06.007",1,1
"LRMSQVBRUNSOJL-UHFFFAOYSA-N","C(=O)(C(C(F)(F)F)(F)F)O","97",NA,"C3HF5O2","163.98967008","TP","PFPA","","CF2 loss (x4); CF2 loss","2","Plasma-based water treatment","10.1021/acs.est.8b07031",1,1
"QZHDEAJFRJCDMF-UHFFFAOYSA-N","C(C(C(C(F)(F)S(=O)(=O)O)(F)F)(F)F)(C(C(F)(F)F)(F)F)(F)F","98",NA,"C6HF13O3S","399.9438812","TP","PFHxS","","Decarboxylation/sulphonation","2","Plasma-based water treatment","10.1021/acs.est.8b07031",1,2
"JGTNAGYHADQMCM-UHFFFAOYSA-N","C(C(C(F)(F)S(=O)(=O)O)(F)F)(C(F)(F)F)(F)F","111",NA,"C4HF9O3S","299.95026852","TP","PFBS","","Decarboxylation/sulphonation","2","Plasma-based water treatment","10.1021/acs.est.8b07031",1,2
